<addon id="plugin.video.forkq" name="[COLORyellow]Fork-Q[/COLOR]" version="8.0.9b" provider-name="">
    <requires>
        <import addon="xbmc.python" version="3.0.0"/>
		<import addon="script.module.resolveurl"/>
		<import addon="script.module.requests" />
        <import addon="script.module.inputstreamhelper" />
        <import addon="inputstream.adaptive" version="2.6.0"/>
    </requires>
	 <extension point="xbmc.python.pluginsource" library="main.py">
    <provides>video</provides>
  </extension>
  <extension point="xbmc.addon.metadata">
    <summary lang="en"></summary>
	<description lang="en_GB">No Streams Are Stored Locally-All Are Available Freely On The Internet</description>
    <platform>all</platform>
    <language>en</language>
    <license>GPL-2.0-or-later</license>
	<assets>
		<icon>icon.png</icon>
		<fanart>fanart.jpg</fanart>
  </assets>
  </extension>
</addon>
