<?xml version="1.0" encoding="UTF-8" standalone="yes"?>
<addon id="plugin.video.wizz" name="[COLORlime][I]Wizz[/I][/COLOR]" provider-name="" version="2.5">
  <requires>
        <import addon="script.module.six" version="0.0.1"/>
		<import addon="script.module.requests"/>
		<import addon="script.module.resolveurl" />
		<import addon="plugin.video.youtube" />
  </requires>
  <extension point="xbmc.python.pluginsource"
            library="default.py">
        <provides>video</provides>
  </extension>
  <extension library="resources/modules/" point="xbmc.python.module" />
  <extension library="resources/sources/" point="xbmc.python.module" />
  <extension library="resources/" point="xbmc.python.module" />
  <extension point="xbmc.addon.metadata">
	<reuselanguageinvoker>true</reuselanguageinvoker>
    <summary lang="en"></summary>
    <description lang="en"></description>
	
    <platform>all</platform>
	<assets>
            <icon>icon.png</icon>
            <fanart>fanart.jpg</fanart>
    </assets>
  </extension>
  
</addon>
