{

  "32024":"https://cmanbuilds.com/newbl/art/fanart.jpg",
  "32025":"https://cmanbuilds.com/newbl/art/fanart.jpg",
  "32026":"https://cmanbuilds.com/newbl/art/fanart.jpg",
  "32027":"https://cmanbuilds.com/newbl/art/fanart.jpg",
  "32020":"https://cmanbuilds.com/newbl/art/fanart.jpg",
  "32021":"https://cmanbuilds.com/newbl/art/fanart.jpg",
  "32022":"https://cmanbuilds.com/newbl/art/fanart.jpg",
  "32028":"https://cmanbuilds.com/newbl/art/fanart.jpg",
  "32029":"https://cmanbuilds.com/newbl/art/fanart.jpg",
  "32030":"https://cmanbuilds.com/newbl/art/fanart.jpg",
  "32031":"https://cmanbuilds.com/newbl/art/fanart.jpg",
  "32032":"https://cmanbuilds.com/newbl/art/fanart.jpg",
  "32033":"https://cmanbuilds.com/newbl/art/fanart.jpg",
  "32034":"https://cmanbuilds.com/newbl/art/fanart.jpg",
  "32309":"https://cmanbuilds.com/newbl/art/fanart.jpg",
  "32295":"https://cmanbuilds.com/newbl/art/fanart.jpg",
  "32036":"https://cmanbuilds.com/newbl/art/fanart.jpg",
  "32037":"https://cmanbuilds.com/newbl/art/fanart.jpg",
  "32038":"https://cmanbuilds.com/newbl/art/fanart.jpg",
  "32039":"https://cmanbuilds.com/newbl/art/fanart.jpg",
  "32040":"https://cmanbuilds.com/newbl/art/fanart.jpg",
  "32041":"https://cmanbuilds.com/newbl/art/fanart.jpg",
  "32042":"https://cmanbuilds.com/newbl/art/fanart.jpg",
  "32043":"https://cmanbuilds.com/newbl/art/fanart.jpg",
  "32044":"https://cmanbuilds.com/newbl/art/fanart.jpg",
  "32045":"https://cmanbuilds.com/newbl/art/fanart.jpg",
  "32046":"https://cmanbuilds.com/newbl/art/fanart.jpg",
  "32047":"https://cmanbuilds.com/newbl/art/fanart.jpg",
  "32023":"https://cmanbuilds.com/newbl/art/fanart.jpg",
  "32012":"https://cmanbuilds.com/newbl/art/fanart.jpg",
  "32013":"https://cmanbuilds.com/newbl/art/fanart.jpg",
  "32014":"https://cmanbuilds.com/newbl/art/fanart.jpg",
  "32015":"https://cmanbuilds.com/newbl/art/fanart.jpg",
  "32016":"https://cmanbuilds.com/newbl/art/fanart.jpg",
  "32017":"https://cmanbuilds.com/newbl/art/fanart.jpg",
  "32018":"https://cmanbuilds.com/newbl/art/fanart.jpg",
  "32019":"https://cmanbuilds.com/newbl/art/fanart.jpg",
  "32313":"https://cmanbuilds.com/newbl/art/fanart.jpg"
 
  

}