{

  "32024":"https://i.imgur.com/7ecKGeN.jpg",
  "32025":"https://i.imgur.com/7ecKGeN.jpg",
  "32026":"https://i.imgur.com/7ecKGeN.jpg",
  "32027":"https://i.imgur.com/7ecKGeN.jpg",
  "32020":"https://i.imgur.com/7ecKGeN.jpg",
  "32021":"https://i.imgur.com/7ecKGeN.jpg",
  "32022":"https://i.imgur.com/7ecKGeN.jpg",
  "32028":"https://i.imgur.com/7ecKGeN.jpg",
  "32029":"https://i.imgur.com/7ecKGeN.jpg",
  "32030":"https://i.imgur.com/7ecKGeN.jpg",
  "32031":"https://i.imgur.com/7ecKGeN.jpg",
  "32032":"https://i.imgur.com/7ecKGeN.jpg",
  "32033":"https://i.imgur.com/7ecKGeN.jpg",
  "32034":"https://i.imgur.com/7ecKGeN.jpg",
  "32309":"https://i.imgur.com/7ecKGeN.jpg",
  "32295":"https://i.imgur.com/7ecKGeN.jpg",
  "32036":"https://i.imgur.com/7ecKGeN.jpg",
  "32037":"https://i.imgur.com/7ecKGeN.jpg",
  "32038":"https://i.imgur.com/7ecKGeN.jpg",
  "32039":"https://i.imgur.com/7ecKGeN.jpg",
  "32040":"https://i.imgur.com/7ecKGeN.jpg",
  "32041":"https://i.imgur.com/7ecKGeN.jpg",
  "32042":"https://i.imgur.com/7ecKGeN.jpg",
  "32043":"https://i.imgur.com/7ecKGeN.jpg",
  "32044":"https://i.imgur.com/7ecKGeN.jpg",
  "32045":"https://i.imgur.com/7ecKGeN.jpg",
  "32046":"https://i.imgur.com/7ecKGeN.jpg",
  "32047":"https://i.imgur.com/7ecKGeN.jpg",
  "32023":"https://i.imgur.com/7ecKGeN.jpg",
  "32012":"https://i.imgur.com/7ecKGeN.jpg",
  "32013":"https://i.imgur.com/7ecKGeN.jpg",
  "32014":"https://i.imgur.com/7ecKGeN.jpg",
  "32015":"https://i.imgur.com/7ecKGeN.jpg",
  "32016":"https://i.imgur.com/7ecKGeN.jpg",
  "32017":"https://i.imgur.com/7ecKGeN.jpg",
  "32018":"https://i.imgur.com/7ecKGeN.jpg",
  "32019":"https://i.imgur.com/7ecKGeN.jpg",
  "32313":"https://i.imgur.com/7ecKGeN.jpg"
 
  

}